Name,Ratings,Description,Highly Rated for,Critical Rated for,Reviews,Salaries,Interviews,Jobs,Benefits
TCS,3.2,IT Services & Consulting | Bengaluru +478 other locations,Job Security,"Promotions, Salary, Work Satisfaction",1.2L,10.4L,11.4k,5.6k,11k
Accenture,3.7,IT Services & Consulting | Bengaluru +280 other locations,"Promotions, Salary, Work Satisfaction",,76.3k,7.3L,9.6k,16.6k,7k
Wipro,3.6,IT Services & Consulting | Hyderabad +392 other locations,"Promotions, Salary, Work Satisfaction",,67.2k,4.9L,7k,3,4.9k
Cognizant,3.7,IT Services & Consulting | Hyderabad +254 other locations,"Promotions, Salary, Work Satisfaction",,63.5k,6.1L,6.6k,961,5.7k
Capgemini,3.6,IT Services & Consulting | Bengaluru +204 other locations,"Work Life Balance, Job Security","Promotions, Salary, Work Satisfaction",55.7k,5L,5.7k,2.2k,3.9k
HDFC Bank,3.8,Banking | Mumbai +1904 other locations,Job Security,"Promotions, Salary",54.9k,1.6L,3.2k,525,3.4k
Infosys,3.5,IT Services & Consulting | Bengaluru +258 other locations,Job Security,"Promotions, Salary, Work Satisfaction",50.5k,5.4L,8.6k,3.8k,4.9k
HCLTech,3.4,IT Services & Consulting | Bengaluru +363 other locations,"Promotions, Salary, Work Satisfaction",,48.4k,4L,4.7k,326,4k
ICICI Bank,4.0,Banking | Mumbai +1476 other locations,"Job Security, Promotions, Skill Development",,47.2k,1.6L,3k,23,3.8k
Tech Mahindra,3.3,IT Services & Consulting | Hyderabad +339 other locations,"Promotions, Salary, Work Satisfaction",,44.9k,2.9L,4.7k,823,3.5k
Genpact,3.6,Analytics & KPO | Hyderabad +186 other locations,Job Security,"Promotions, Salary, Work Satisfaction",44.1k,2.4L,4k,511,3.7k
TP,3.9,BPO | Mumbai +269 other locations,"Work Life Balance, Job Security, Skill Development",,40.3k,1L,2.3k,1.2k,2k
Axis Bank,3.6,Banking | Mumbai +1564 other locations,"Promotions, Work Satisfaction, Company Culture",,34.7k,1L,2k,235,2.2k
Jio,4.4,Telecom | Mumbai +1980 other locations,"Job Security, Company Culture, Work Life Balance",,34.4k,61.1k,4.6k,--,2.6k
Concentrix Corporation,3.5,BPO | Bengaluru +194 other locations,Job Security,"Promotions, Salary, Work Satisfaction",33.3k,1.3L,2.1k,35,3.2k
Amazon,3.9,Internet | Bengaluru +553 other locations,"Company Culture, Work Life Balance, Salary",Promotions,32.9k,1.6L,6.2k,88,3.5k
Reliance Retail,3.9,Retail | Mumbai +1183 other locations,"Job Security, Work Life Balance, Skill Development",Promotions,28.1k,75k,2k,80,1.9k
iEnergizer,4.5,BPO | Noida +55 other locations,"Company Culture, Work Life Balance, Work Satisfaction",,27.9k,25.4k,1.7k,81,925
LTM Limited,3.6,IT Services & Consulting | Bengaluru +155 other locations,"Promotions, Salary, Work Satisfaction",,27.5k,2L,3.5k,691,895
HDB Financial Services,3.9,NBFC | Mumbai +1117 other locations,Job Security,"Promotions, Salary",26.7k,49.3k,1.1k,4,1.4k
IBM,3.9,IT Services & Consulting | Bengaluru +172 other locations,"Work Life Balance, Company Culture, Job Security","Promotions, Salary",26.6k,2.2L,2.7k,319,2.7k
Larsen & Toubro Limited,3.9,Engineering & Construction | Mumbai +803 other locations,"Job Security, Skill Development, Salary","Promotions, Work Life Balance",24.8k,77.4k,2k,302,2.6k
Deloitte,3.6,Management Consulting | Hyderabad +209 other locations,"Promotions, Work Life Balance, Work Satisfaction",,24.4k,2.8L,3.4k,610,2.5k
Kotak Mahindra Bank,3.6,Banking | Mumbai +709 other locations,"Promotions, Work Satisfaction, Company Culture",,23.4k,89k,1.5k,188,1.4k
Reliance Industries,4.0,Oil & Gas | Jamnagar +837 other locations,"Job Security, Work Life Balance, Skill Development",Promotions,21k,75.8k,1.7k,110,1.9k
Vodafone Idea,3.9,Telecom | Pune +722 other locations,"Salary, Company Culture, Work Life Balance",Promotions,18k,48.7k,718,92,2k
Bharti Airtel,3.8,Telecom | Gurugram +811 other locations,Promotions,,17.6k,50.9k,1.2k,188,1.6k
BYJU'S,3.2,EdTech | Bengaluru +323 other locations,"Job Security, Company Culture, Work Life Balance",,16.4k,50.9k,2.1k,5,1.7k
WNS,3.3,IT Services & Consulting | Pune +70 other locations,"Promotions, Salary, Work Satisfaction",,15.9k,71.3k,1.3k,59,1.4k
IDFC FIRST Bank,4.0,Banking | Mumbai +755 other locations,"Salary, Skill Development, Company Culture",,15.8k,51.7k,1.1k,53,827
Ernst & Young,3.4,Management Consulting | Bengaluru +146 other locations,"Promotions, Work Life Balance, Work Satisfaction",,15.3k,1.5L,1.4k,2.8k,1.1k
IndusInd Bank,3.4,Banking | Mumbai +817 other locations,"Promotions, Company Culture, Work Satisfaction",,14.8k,53.3k,799,173,826
AU Small Finance Bank,3.8,Banking | Jaipur +825 other locations,,,14.8k,30.8k,737,132,625
Tata Motors,4.1,Automobile | Pune +521 other locations,"Job Security, Company Culture, Work Life Balance",Promotions,14.6k,44.5k,1.3k,27,1.7k
Bajaj Finserv,3.9,NBFC | Pune +1246 other locations,"Salary, Skill Development, Job Security",,13.9k,32.6k,835,17,753
Flipkart,3.9,Internet | Bengaluru +573 other locations,"Skill Development, Salary",Promotions,13.6k,57.7k,1.8k,125,1.4k
Muthoot FinCorp,4.5,NBFC | Bengaluru +1139 other locations,"Company Culture, Work Life Balance, Job Security",,13.5k,9.9k,2.4k,71,326
PwC,3.3,Management Consulting | Bengaluru +150 other locations,"Promotions, Work Life Balance, Work Satisfaction",,13.4k,1.3L,1.6k,1.4k,888
Mahindra & Mahindra,4.0,Automobile | Pune +582 other locations,"Job Security, Skill Development, Company Culture",Promotions,12.6k,41.9k,918,2,1.2k
HDFC Life,3.8,Insurance | Mumbai +732 other locations,Skill Development,Promotions,12.6k,33.9k,848,234,657
Infosys BPM,3.5,BPO | Bengaluru +97 other locations,Job Security,"Promotions, Salary, Work Satisfaction",12.5k,78.3k,1.1k,57,1.2k
DXC Technology,3.6,IT Services & Consulting | Bengaluru +133 other locations,Work Life Balance,"Promotions, Salary, Work Satisfaction",12.3k,75.4k,915,85,1.1k
Bandhan Bank,3.7,Banking | Kolkata +1055 other locations,"Promotions, Work Satisfaction, Company Culture",,11.8k,27.6k,792,--,588
Digitide Solutions,3.4,IT Services & Consulting | Hyderabad +282 other locations,"Promotions, Salary, Work Satisfaction",,10.8k,27.3k,602,330,789
Yes Bank,3.7,Banking | Mumbai +548 other locations,"Job Security, Promotions, Company Culture",,10.6k,43.3k,585,180,643
Mphasis,3.3,IT Services & Consulting | Bengaluru +68 other locations,"Promotions, Salary, Work Satisfaction",,10.6k,75.6k,960,65,877
Tata Steel,4.0,Iron & Steel | Jamshedpur +235 other locations,"Work Life Balance, Job Security, Company Culture",Promotions,10.3k,34.9k,1.1k,--,695
Quess,3.8,Recruitment | Bengaluru +779 other locations,"Promotions, Job Security",,10.2k,32k,557,17,460
Asian Paints,3.9,Chemicals | Mumbai +569 other locations,"Salary, Skill Development, Job Security",Promotions,10k,26.8k,914,86,940
UltraTech Cement,4.1,Building Material | Mumbai +555 other locations,"Job Security, Skill Development, Company Culture",Promotions,10k,25.1k,855,86,678
Startek,3.0,BPO | Bengaluru +107 other locations,"Promotions, Company Culture, Work Satisfaction",,9.9k,25.1k,686,287,715
Maruti Suzuki,4.1,Automobile | Gurugram +470 other locations,"Job Security, Salary, Company Culture",,9.9k,29.7k,839,672,1k
Bajaj Finance,3.9,NBFC | Pune +1033 other locations,"Salary, Skill Development, Job Security",,9.7k,23.6k,472,9.1k,538
Paytm,3.2,FinTech | Noida +438 other locations,"Job Security, Company Culture, Promotions",,9.7k,35.3k,927,1k,576
Shriram Finance,3.9,NBFC | Chennai +1145 other locations,"Job Security, Work Life Balance",Promotions,9.5k,16.2k,481,6,85
Sutherland Global Services,3.3,BPO | Chennai +89 other locations,"Promotions, Work Satisfaction, Skill Development",,9.5k,36.9k,840,372,945
Coforge,3.3,IT Services & Consulting | Hyderabad +117 other locations,"Promotions, Work Satisfaction, Job Security",,9.3k,69.2k,992,360,446
Equitas Small Finance Bank,4.3,Banking | Chennai +492 other locations,"Company Culture, Work Life Balance, Job Security",,9.2k,14.1k,1k,55,469
Wells Fargo,3.6,Financial Services | Bengaluru +32 other locations,"Promotions, Skill Development, Work Satisfaction",,9.1k,67.2k,718,124,907
Cipla,4.1,Pharma | Mumbai +300 other locations,"Salary, Work Life Balance, Skill Development",,8.9k,26.9k,633,44,903
EXL Service,3.6,Analytics & KPO | Noida +63 other locations,Job Security,"Promotions, Salary, Skill Development",8.9k,45.6k,949,110,830
Ericsson,3.9,Telecom | Noida +169 other locations,"Work Life Balance, Company Culture","Promotions, Salary",8.6k,42.6k,483,34,1k
Samsung,3.9,Consumer Electronics & Appliances | Noida +591 other locations,"Work Life Balance, Salary",Promotions,8.5k,26.6k,647,55,554
Dr. Reddy's,4.0,Pharma | Hyderabad +221 other locations,"Company Culture, Skill Development, Salary","Promotions, Job Security",8.5k,26.6k,547,80,764
JSW Steel,3.9,Iron & Steel | Ballari +203 other locations,"Job Security, Skill Development",Promotions,8.3k,32.8k,896,178,652
Optum Global Solutions,4.0,IT Services & Consulting | Hyderabad +71 other locations,"Job Security, Work Life Balance, Company Culture",Promotions,8.3k,53.2k,801,264,735
Delhivery,3.8,Logistics | Gurugram +786 other locations,Promotions,,8.2k,23.3k,646,409,660
JPMorgan Chase & Co.,3.8,Financial Services | Bengaluru +66 other locations,"Job Security, Salary",Promotions,8.1k,94.3k,903,411,886
Hexaware Technologies,3.4,IT Services & Consulting | Chennai +71 other locations,"Promotions, Salary, Work Satisfaction",,8k,56.9k,864,1.7k,593
ICICI Prudential Life Insurance,3.9,Insurance | Mumbai +518 other locations,"Job Security, Salary, Skill Development",,8k,23k,503,46,635
Ujjivan Small Finance Bank,4.0,Banking | Bengaluru +565 other locations,"Company Culture, Work Life Balance, Skill Development",,8k,13.5k,348,118,591
Jana Small Finance Bank,3.7,Banking | Bengaluru +436 other locations,Salary,"Company Culture, Work Satisfaction, Promotions",7.9k,14.1k,318,92,612
Sun Pharmaceutical Industries,4.0,Pharma | Vadodara +268 other locations,"Salary, Skill Development, Work Life Balance",,7.9k,23.7k,723,350,638
Zydus Lifesciences,4.0,Pharma | Ahmedabad +189 other locations,"Salary, Skill Development, Company Culture",,7.9k,20.6k,584,35,710
Ekart Logistics,3.9,Logistics | Bengaluru +758 other locations,Skill Development,Promotions,7.9k,17.8k,424,--,430
HGS,3.7,Emerging Technologies | Bengaluru +125 other locations,"Promotions, Salary",,7.7k,20.2k,280,34,970
KPMG India,3.4,Management Consulting | Bengaluru +121 other locations,"Promotions, Work Life Balance, Work Satisfaction",,7.7k,72.3k,968,112,783
Lupin,4.1,Pharma | Pune +208 other locations,"Company Culture, Skill Development, Work Life Balance",Promotions,7.6k,22.7k,462,69,791
Amazon Development Centre India,3.8,Internet | Hyderabad +148 other locations,"Company Culture, Work Life Balance","Promotions, Job Security, Skill Development",7.6k,39.5k,917,22,611
Axis Max Life Insurance,4.0,Insurance | New Delhi +527 other locations,"Skill Development, Company Culture, Work Life Balance",,7.6k,21.1k,444,2.3k,559
ITC,3.8,FMCG | Bengaluru +385 other locations,Job Security,Promotions,7.5k,25.8k,729,81,657
Hindustan Unilever,4.1,FMCG | Mumbai +556 other locations,"Skill Development, Company Culture, Work Life Balance",Promotions,7.4k,21.2k,491,42,714
L&T Construction,4.0,Engineering & Construction | Chennai +439 other locations,"Job Security, Skill Development, Salary",Promotions,7.4k,19.4k,964,--,923
Megha Engineering & Infrastructures,3.9,Engineering & Construction | Hyderabad +420 other locations,"Work Life Balance, Job Security",Promotions,7.2k,19.8k,606,58,569
Tata Projects,4.2,Engineering & Construction | Mumbai +292 other locations,"Salary, Company Culture, Work Life Balance",,7.1k,23.1k,653,66,593
Cholamandalam Investment & Finance,3.8,Financial Services | Chennai +885 other locations,Salary,Promotions,7k,13.5k,315,90,319
Bajaj Life Insurance,3.8,Insurance | Pune +629 other locations,Salary,,7k,18.3k,466,104,507
L&T Technology Services,3.1,IT Services & Consulting | Bengaluru +101 other locations,"Promotions, Salary, Work Satisfaction",,6.9k,46.2k,662,1,521
FIS,3.7,FinTech | Pune +63 other locations,Work Life Balance,"Promotions, Job Security, Skill Development",6.8k,38.7k,555,130,747
Oracle,3.3,Software Product | Bengaluru +60 other locations,"Promotions, Salary, Work Satisfaction",,6.7k,65.8k,974,295,659
JLL,4.1,Real Estate | Gurugram +93 other locations,"Work Life Balance, Job Security, Company Culture",Promotions,6.7k,26.4k,514,620,574
Omega Healthcare,3.7,BPO | Chennai +72 other locations,"Promotions, Salary",,6.7k,28.8k,581,209,418
Muthoot Finance,3.7,NBFC | Bengaluru +811 other locations,"Promotions, Work Satisfaction",,6.6k,13.3k,383,167,345
eClerx,3.1,IT Services & Consulting | Pune +34 other locations,"Promotions, Salary, Work Satisfaction",,6.6k,34.1k,662,487,575
IIFL Finance,4.0,NBFC | Mumbai +834 other locations,"Work Life Balance, Company Culture, Job Security",,6.6k,14.1k,345,42,400
Indian Army,4.7,Defence & Aerospace | New Delhi +377 other locations,"Job Security, Company Culture, Work Life Balance",,6.5k,9.5k,216,--,755
DMart,3.9,Retail | Mumbai +260 other locations,"Job Security, Company Culture",Promotions,6.5k,20k,585,290,497
PolicyBazaar,3.7,Internet | Gurugram +165 other locations,Salary,Work Life Balance,6.4k,19.3k,676,1.4k,299
Indiamart Intermesh,3.6,Internet | Noida +168 other locations,"Work Satisfaction, Promotions, Company Culture",,6.4k,21.7k,829,269,528
Piramal Finance,4.2,NBFC | Mumbai +443 other locations,"Company Culture, Work Life Balance, Skill Development",,6.4k,12.9k,310,122,459
Virtusa Consulting Services,3.6,IT Services & Consulting | Hyderabad +56 other locations,"Promotions, Job Security, Salary",,6.4k,58.3k,697,238,343
HSBC Group,3.8,Financial Services | Bengaluru +68 other locations,"Work Life Balance, Job Security","Promotions, Salary",6.3k,46.7k,573,113,1.2k
SMFG India Credit,3.9,NBFC | Mumbai +621 other locations,Salary,Promotions,6.3k,11.4k,225,114,361
Access Healthcare,3.7,BPO | Chennai +63 other locations,"Promotions, Skill Development",,6.2k,30.4k,426,769,395
HCL Group,3.5,IT Services & Consulting | Chennai +103 other locations,"Promotions, Salary, Work Satisfaction",,6.1k,38.8k,529,--,658
BigBasket,3.9,Internet | Bengaluru +150 other locations,Job Security,Promotions,6.1k,20.5k,521,90,407
Manappuram Finance,3.9,NBFC | Bengaluru +678 other locations,"Work Life Balance, Promotions, Skill Development",,6.1k,9.6k,241,7,252
GlobalLogic,3.5,IT Services & Consulting | Hyderabad +64 other locations,"Promotions, Salary, Work Satisfaction",,6k,42.6k,707,48,554
ICICI Lombard General Insurance Company,3.5,Insurance | Mumbai +326 other locations,"Promotions, Work Satisfaction, Company Culture",,6k,21k,387,244,402
Siemens,4.0,Industrial Automation | Bengaluru +163 other locations,"Work Life Balance, Job Security, Company Culture",Promotions,6k,35.6k,530,359,648
Firstsource Solutions,3.5,BPO | Bengaluru +74 other locations,"Promotions, Salary, Work Satisfaction",,6k,25.4k,381,78,577
Apollo Hospitals,4.0,Healthcare | Chennai +233 other locations,"Job Security, Skill Development, Company Culture",Promotions,6k,17.4k,517,344,527
Aurobindo Pharma,4.0,Pharma | Hyderabad +119 other locations,"Job Security, Salary, Work Life Balance",Promotions,6k,20.4k,307,22,471
Shapoorji Pallonji Group,4.1,Engineering & Construction | Mumbai +191 other locations,"Job Security, Company Culture, Work Life Balance",Promotions,6k,15.6k,457,63,659
Tata Capital,4.0,NBFC | Mumbai +466 other locations,"Job Security, Company Culture, Work Life Balance",Promotions,5.9k,16.7k,305,5.4k,283
Swiggy,3.7,Internet | Bengaluru +246 other locations,"Job Security, Promotions, Work Life Balance",,5.9k,25.5k,617,144,382
UST,3.7,IT Services & Consulting | Bengaluru +54 other locations,Work Life Balance,"Promotions, Salary, Job Security",5.9k,41.6k,620,723,414
Standard Chartered,3.6,Banking | Chennai +72 other locations,"Promotions, Work Satisfaction, Salary",,5.9k,42.7k,337,13,322
Mahindra Finance,3.8,NBFC | Mumbai +760 other locations,Promotions,,5.9k,12.1k,231,162,531
Bosch Global Software Technologies,3.7,IT Services & Consulting | Bengaluru +48 other locations,"Work Life Balance, Company Culture, Job Security","Promotions, Salary, Work Satisfaction",5.8k,41.6k,400,41,655
Udaan,3.9,Internet | Bengaluru +374 other locations,Salary,"Job Security, Promotions",5.8k,14.9k,377,4,707
Citicorp,3.6,Financial Services | Pune +74 other locations,Salary,"Promotions, Work Satisfaction, Skill Development",5.7k,55.6k,652,--,537
Ashok Leyland,4.0,Automobile | Chennai +274 other locations,"Skill Development, Company Culture, Work Life Balance",Promotions,5.7k,19.1k,338,2,656
Hero MotoCorp,4.1,Automobile | Gurugram +387 other locations,"Work Life Balance, Company Culture, Work Satisfaction",Promotions,5.7k,16.9k,440,--,613
CGI Inc,4.0,IT Services & Consulting | Bengaluru +49 other locations,"Work Life Balance, Job Security, Company Culture","Promotions, Salary",5.6k,48.3k,584,447,372
Kalpataru Projects International,4.1,Engineering & Construction | Mumbai +341 other locations,"Job Security, Skill Development, Salary",,5.5k,14.6k,355,2,236
NTT DATA,3.8,IT Services & Consulting | Bengaluru +86 other locations,"Work Life Balance, Job Security",Promotions,5.5k,39.9k,788,8,551
SBI Cards & Payment Services,3.6,Financial Services | Gurugram +460 other locations,"Promotions, Work Satisfaction, Company Culture",,5.5k,15.7k,343,120,356
Nagarjuna Construction Company,4.0,Engineering & Construction | Hyderabad +301 other locations,"Job Security, Work Life Balance, Skill Development",Promotions,5.5k,12.7k,473,18,431
IQVIA,3.7,Clinical Research | Bengaluru +68 other locations,Work Life Balance,"Promotions, Salary, Work Satisfaction",5.5k,32.8k,585,31,560
BNY,3.6,Financial Services | Pune +29 other locations,"Promotions, Job Security, Work Satisfaction",,5.5k,32.7k,408,60,560
Cyient,3.6,IT Services & Consulting | Hyderabad +51 other locations,"Promotions, Salary, Skill Development",,5.5k,27.8k,345,158,452
Schneider Electric,4.1,Industrial Automation | Bengaluru +123 other locations,"Company Culture, Work Life Balance, Job Security",Promotions,5.4k,27k,478,394,462
SBI Life Insurance Company,3.7,Insurance | Mumbai +677 other locations,Job Security,"Promotions, Work Life Balance, Work Satisfaction",5.4k,12.2k,332,12,349
CBRE,4.1,Real Estate | Hyderabad +98 other locations,"Company Culture, Work Life Balance, Job Security",,5.4k,19.7k,373,33,489
JustDial,3.5,Internet | Noida +240 other locations,"Promotions, Work Satisfaction, Job Security",,5.3k,15.7k,408,20,368
TVS Motor,3.8,Automobile | Hosur +361 other locations,"Job Security, Skill Development, Salary",Promotions,5.3k,17.1k,439,234,565
State Bank of India,3.9,Banking | Mumbai +678 other locations,"Job Security, Skill Development, Salary",,5.3k,12k,353,10,415
Persistent Systems,3.6,IT Services & Consulting | Pune +42 other locations,"Promotions, Job Security, Work Satisfaction",,5.3k,48.6k,742,452,406
KEC International,4.0,Engineering & Construction | Mumbai +326 other locations,"Job Security, Salary, Company Culture",Promotions,5.2k,14.1k,448,34,479
ITC Infotech,3.9,IT Services & Consulting | Bengaluru +71 other locations,"Work Life Balance, Job Security",Promotions,5.2k,30.4k,434,113,305
Amdocs,3.6,Software Product | Pune +24 other locations,Company Culture,"Promotions, Job Security, Work Satisfaction",5.1k,38.2k,575,--,634
Atos,3.8,IT Services & Consulting | Pune +57 other locations,Work Life Balance,"Promotions, Salary",5.1k,33k,422,119,477
Utkarsh Small Finance Bank,3.6,Banking | Varanasi +444 other locations,"Promotions, Company Culture, Work Satisfaction",,5.1k,11.8k,342,63,301
Varun Beverages,3.9,Beverage | New Delhi +390 other locations,"Job Security, Work Life Balance",Promotions,5k,12.5k,365,19,335
JBM Group,3.9,Auto Components | Gurugram +122 other locations,"Job Security, Skill Development",Promotions,5k,14.3k,378,45,365
vivo,4.0,Consumer Electronics & Appliances | Noida +422 other locations,"Company Culture, Skill Development, Work Life Balance",Promotions,5k,12.9k,251,28,630
Lenskart,3.4,Internet | New Delhi +265 other locations,"Promotions, Company Culture, Work Life Balance",,5k,14.1k,550,261,366
Randstad,3.7,Recruitment | Hyderabad +376 other locations,"Promotions, Job Security, Work Satisfaction",,4.9k,17.9k,349,26,362
Ecom Express,4.1,Logistics | Gurugram +795 other locations,"Work Life Balance, Company Culture, Work Satisfaction",,4.9k,9.1k,270,--,307
Nagarro,3.9,IT Services & Consulting | Gurugram +50 other locations,"Work Life Balance, Company Culture",Promotions,4.9k,34.5k,847,331,1.1k
Hetero,3.9,Pharma | Hyderabad +74 other locations,"Job Security, Work Life Balance",Promotions,4.9k,15.7k,463,134,392
EY Global Delivery Services ( EY GDS),3.5,IT Services & Consulting | Bengaluru +58 other locations,"Promotions, Work Satisfaction, Work Life Balance",,4.9k,55k,936,20,366
Intas Pharmaceuticals,4.1,Pharma | Ahmedabad +157 other locations,"Job Security, Salary, Work Life Balance",,4.8k,18.2k,277,47,406
Bosch,4.1,Auto Components | Bengaluru +140 other locations,"Work Life Balance, Company Culture, Job Security",Promotions,4.8k,21.5k,393,--,616
Havells,3.9,Electrical Equipment | Noida +270 other locations,"Work Life Balance, Salary",Promotions,4.8k,15.9k,316,29,331
Aditya Birla Fashion and Retail,4.1,Fashion & Textile | Bengaluru +299 other locations,"Job Security, Skill Development, Company Culture",Promotions,4.8k,13.5k,286,55,411
Eviden,3.6,IT Services & Consulting | Pune +41 other locations,Work Life Balance,"Promotions, Salary, Job Security",4.8k,25.8k,317,--,3
R1 RCM,3.8,BPO | New Delhi +51 other locations,Job Security,Promotions,4.8k,22.7k,377,208,362
L&T Finance,3.9,NBFC | Mumbai +675 other locations,Salary,Promotions,4.8k,12k,241,--,253
Tata AIA Life Insurance,3.8,Insurance | Mumbai +475 other locations,"Job Security, Skill Development",Promotions,4.8k,15.3k,271,879,320
Hewlett Packard Enterprise,4.0,IT Services & Consulting | Bengaluru +105 other locations,"Work Life Balance, Company Culture, Work Satisfaction",Promotions,4.8k,27.9k,274,198,552
Cars24,3.5,Internet | Gurugram +172 other locations,"Job Security, Promotions, Company Culture",,4.7k,16.1k,421,79,402
Mahindra Logistics,3.7,Logistics | Mumbai +239 other locations,"Promotions, Salary",,4.7k,13k,258,254,452
Berger Paints,3.7,Chemicals | Kolkata +384 other locations,"Promotions, Company Culture, Work Life Balance",,4.7k,11k,466,335,285
Deutsche Bank,3.8,Banking | Pune +43 other locations,"Work Life Balance, Job Security, Company Culture","Promotions, Skill Development",4.7k,39.3k,444,290,431
Dell,3.8,Consumer Electronics & Appliances | Bengaluru +123 other locations,"Work Life Balance, Company Culture","Promotions, Job Security",4.6k,29.6k,446,16,554
Home Credit Finance,4.0,NBFC | Gurugram +142 other locations,"Work Life Balance, Company Culture, Work Satisfaction",Promotions,4.6k,9.1k,155,117,601
Motilal Oswal Financial Services,3.6,Financial Services | Mumbai +171 other locations,"Promotions, Work Life Balance, Work Satisfaction",,4.6k,13.8k,563,66,182
TeamLease Services,3.9,Recruitment | Bengaluru +415 other locations,Work Life Balance,Promotions,4.6k,16.9k,267,--,225
VE Commercial Vehicles,3.9,Automobile | Indore +186 other locations,"Job Security, Skill Development","Promotions, Salary",4.6k,14.8k,308,20,373
Hyundai Motor India Limited,4.1,Automobile | Chennai +297 other locations,"Job Security, Salary, Company Culture",Promotions,4.5k,14.7k,339,2,534
OPPO,3.9,Consumer Electronics & Appliances | Greater Noida +417 other locations,"Promotions, Job Security",,4.5k,11.6k,267,14,590
Thermax Limited,4.2,Industrial Machinery | Pune +266 other locations,"Job Security, Company Culture, Skill Development",Promotions,4.5k,13.8k,366,59,399
Jubilant Foods Works,3.7,Hospitality | Noida +276 other locations,"Promotions, Work Satisfaction",,4.5k,10k,272,311,214
Carelon Global Solutions,3.9,IT Services & Consulting | Bengaluru +22 other locations,"Company Culture, Work Life Balance, Job Security",Promotions,4.4k,29.5k,438,152,36
Macleods Pharmaceuticals,3.7,Pharma | Mumbai +142 other locations,Job Security,"Promotions, Company Culture",4.4k,16.1k,282,22,352
Jindal Steel Limited,3.9,Iron & Steel | Angul +177 other locations,"Skill Development, Job Security",Promotions,4.4k,16.7k,457,45,362
Hindalco Industries,4.2,Metals & Mining | Sambalpur +135 other locations,"Job Security, Work Life Balance, Skill Development",,4.4k,13.4k,333,12,371
Aakash Educational Services,3.2,Education & Training | New Delhi +254 other locations,"Promotions, Work Life Balance, Job Security",,4.4k,14.1k,388,122,220
State Street Corporation,3.5,Financial Services | Bengaluru +38 other locations,"Promotions, Work Satisfaction, Job Security",,4.4k,35.2k,308,12,279
Bajaj Auto,3.8,Automobile | Pune +334 other locations,Promotions,,4.3k,15.1k,340,40,489
LG Electronics,3.8,Consumer Electronics & Appliances | Pune +310 other locations,Job Security,Promotions,4.3k,11.4k,278,13,408
DCB Bank,3.8,Banking | Mumbai +355 other locations,Work Life Balance,Promotions,4.2k,9.9k,239,24,260
HDFC ERGO General Insurance,3.9,Insurance | Mumbai +333 other locations,"Work Life Balance, Company Culture, Job Security",Promotions,4.2k,12.4k,217,18,282
RBL Bank,3.5,Banking | Mumbai +302 other locations,"Promotions, Company Culture, Work Satisfaction",,4.2k,18.9k,255,33,224
Royal Enfield,4.2,Automobile | Chennai +384 other locations,"Work Life Balance, Skill Development, Company Culture",Promotions,4.2k,15.4k,214,3,401
Cloudnine Hospital,4.5,Healthcare | Bengaluru +48 other locations,"Company Culture, Job Security, Skill Development",,4.2k,3.3k,1.7k,20,230
Kogta Financial India Limited,4.6,NBFC | Jaipur +260 other locations,"Company Culture, Work Life Balance, Work Satisfaction",,4.2k,2.1k,252,99,40
John Deere,4.0,Industrial Machinery | Pune +160 other locations,"Company Culture, Work Life Balance, Skill Development",Promotions,4.2k,16.1k,279,4,443
Cummins,4.3,Industrial Machinery | Pune +122 other locations,"Company Culture, Work Life Balance, Work Satisfaction",,4.2k,15.8k,301,211,471
Publicis Sapient,3.2,IT Services & Consulting | Bengaluru +47 other locations,"Promotions, Job Security, Work Satisfaction",,4.2k,33.7k,721,105,413
Tata Communications,3.8,Telecom | Pune +103 other locations,Work Life Balance,"Promotions, Salary",4.1k,23.9k,313,286,431
Grasim Industries,4.0,Building Material | Bharuch +271 other locations,"Job Security, Work Life Balance, Skill Development",Promotions,4.1k,13.8k,304,8,307
Aditya Birla Sun Life Insurance,4.0,Insurance | Mumbai +525 other locations,"Work Life Balance, Company Culture, Skill Development",,4.1k,10.8k,196,1,221
Alembic Pharmaceuticals,3.9,Pharma | Vadodara +193 other locations,Salary,,4.1k,15.8k,277,59,396
Pidilite Industries,4.2,Chemicals | Mumbai +326 other locations,"Job Security, Work Life Balance, Company Culture",Promotions,4.1k,12.4k,278,15,369
Bank of America,4.1,Banking | Gurugram +43 other locations,"Job Security, Work Life Balance, Company Culture",Promotions,4.1k,30.9k,299,--,423
Aditya Birla Capital,3.8,NBFC | Mumbai +359 other locations,Promotions,,4k,14.7k,279,1,232
American Express,4.1,Financial Services | Gurugram +54 other locations,"Work Life Balance, Company Culture, Job Security",Promotions,4k,26.4k,447,284,468
Kyndryl,3.9,IT Services & Consulting | Bengaluru +44 other locations,"Work Life Balance, Company Culture, Skill Development",Promotions,4k,28.9k,244,776,188
PNB MetLife,3.3,Insurance | New Delhi +444 other locations,"Job Security, Company Culture, Work Satisfaction",,4k,8.4k,203,1,227
KPIT Technologies,2.8,Software Product | Pune +45 other locations,"Promotions, Job Security, Company Culture",,4k,24.7k,361,13,302
Oyo Rooms,3.0,Hospitality | Gurugram +125 other locations,"Job Security, Company Culture, Work Satisfaction",,4k,13.1k,271,176,398
Blinkit,3.8,Internet | Gurugram +180 other locations,"Skill Development, Salary",Promotions,4k,15.3k,420,1,252
Subros,3.8,Auto Components | Noida +91 other locations,"Job Security, Skill Development","Salary, Promotions",4k,12.8k,237,1,404
Escorts Kubota Limited,4.1,Industrial Machinery | Faridabad +165 other locations,"Company Culture, Work Life Balance, Job Security",Promotions,4k,14.2k,323,7,288
ADP Private Limited,3.8,Software Product | Hyderabad +43 other locations,"Job Security, Company Culture, Work Life Balance","Promotions, Salary",4k,22.4k,307,19,474
JK Cement,4.0,Building Material | New Delhi +341 other locations,Salary,Promotions,4k,10.3k,365,5,283
Maersk,3.9,Logistics | Chennai +52 other locations,"Company Culture, Work Life Balance","Promotions, Job Security",4k,20.2k,257,77,442
PhonePe,4.0,FinTech | Bengaluru +426 other locations,"Salary, Company Culture, Work Life Balance",,4k,14.9k,462,35,216
Viatris,4.1,Pharma | Hyderabad +82 other locations,"Salary, Work Life Balance, Job Security",,3.9k,14.6k,174,10,514
XpressBees,4.1,Logistics | Pune +484 other locations,"Work Life Balance, Company Culture, Work Satisfaction",,3.9k,8.4k,450,5,164
PVR INOX,3.9,Media & Entertainment | New Delhi +155 other locations,Job Security,Promotions,3.9k,9.7k,228,41,254
Altruist Technologies,4.3,BPO | Bengaluru +43 other locations,"Job Security, Company Culture, Work Life Balance",,3.9k,8.5k,728,4,86
Birlasoft,3.4,IT Services & Consulting | Pune +52 other locations,"Promotions, Salary, Work Satisfaction",,3.9k,29.7k,324,591,259
Synechron,3.4,IT Services & Consulting | Pune +33 other locations,"Job Security, Promotions, Work Satisfaction",,3.9k,29.5k,420,184,266
Glenmark Pharmaceuticals,3.8,Pharma | Mumbai +196 other locations,Promotions,,3.9k,12.5k,201,197,341
Sodexo,4.0,Hospitality | Mumbai +164 other locations,"Work Life Balance, Company Culture, Skill Development",Promotions,3.9k,10.3k,221,1.6k,374
Kotak Mahindra Life Insurance Company,3.4,Insurance | Mumbai +264 other locations,"Work Satisfaction, Promotions, Company Culture",,3.9k,12.8k,271,268,269
